Employee ID,Employee Name,Job Title,Age,Home City,Home State,Home Postal Code
CG-12520,Claire Gute,Supply Chain Executive,67,Henderson,Kentucky,42420
DV-13045,Darrin Van Huff,Manager,31,Los Angeles,California,90036
SO-20335,Sean O Donnell,Manager,65,Fort Lauderdale,Florida,33311
BH-11710,Brosina Hoffman,Sales Executive,20,Los Angeles,California,90032
AA-10480,Andrew Allen,Sales Executive,50,Concord,North Carolina,28027
IM-15070,Irene Maddox,Manager,66,Seattle,Washington,98103
HP-14815,Harold Pawlan,Manager,20,Fort Worth,Texas,76106
PK-19075,Pete Kriz,Manager,46,Madison,Wisconsin,53711
AG-10270,Alejandro Grove,Finance Executive,18,West Jordan,Utah,84084
ZD-21925,Zuschuss Donatelli,Manager,66,San Francisco,California,94109
KB-16585,Ken Black,Manager,67,Fremont,Nebraska,68025
SF-20065,Sandra Flanagan,Manager,41,Philadelphia,Pennsylvania,19140
EB-13870,Emily Burns,Finance Executive,34,Orem,Utah,84057
EH-13945,Eric Hoffmann,Manager,21,Los Angeles,California,90049
TB-21520,Tracy Blumstein,Manager,48,Philadelphia,Pennsylvania,19140
MA-17560,Matt Abelman,Manager,19,Houston,Texas,77095
GH-14485,Gene Hale,Manager,28,Richardson,Texas,75080
SN-20710,Steve Nguyen,Manager,46,Houston,Texas,77041
LC-16930,Linda Cazamias,Manager,31,Naperville,Illinois,60540
RA-19885,Ruben Ausman,Manager,51,Los Angeles,California,90049
ES-14080,Erin Smith,Manager,20,Melbourne,Florida,32935
ON-18715,Odella Nelson,Manager,27,Eagan,Minnesota,55122
PO-18865,Patrick O Donnell,Manager,64,Westland,Michigan,48185
LH-16900,Lena Hernandez,Manager,66,Dover,Delaware,19901
DP-13000,Darren Powers,Manager,40,New Albany,Indiana,47150
JM-15265,Janet Molinari,Finance Executive,23,New York City,New York,10024
TB-21055,Ted Butterfield,Manager,34,Troy,New York,12180
KM-16720,Kunst Miller,Manager,69,Los Angeles,California,90004
PS-18970,Paul Stevenson,Manager,31,Chicago,Illinois,60610
BS-11590,Brendan Sweed,Finance Executive,45,Gilbert,Arizona,85234
KD-16270,Karen Daniels,Manager,59,Springfield,Virginia,22153
HM-14980,Henry MacAllister,Supply Chain Executive,35,New York City,New York,10009
JE-15745,Joel Eaton,Supply Chain Executive,25,Memphis,Tennessee,38109
KB-16600,Ken Brennan,Sales Executive,29,Houston,Texas,77041
SC-20770,Stewart Carmichael,Supply Chain Executive,18,Decatur,Alabama,35601
DN-13690,Duane Noonan,Sales Executive,42,San Francisco,California,94122
JC-16105,Julie Creighton,Sales Executive,56,Durham,North Carolina,27707
CS-12400,Christopher Schild,HR Executive,33,Chicago,Illinois,60623
PG-18895,Paul Gonzalez,Supply Chain Executive,64,Rochester,Minnesota,55901
GM-14455,Gary Mitchum,HR Executive,64,Houston,Texas,77095
JS-15685,Jim Sink,Sales Executive,33,Los Angeles,California,90036
KB-16315,Karl Braun,Finance Executive,70,Minneapolis,Minnesota,55407
RB-19705,Roger Barcio,Supply Chain Executive,63,Portland,Oregon,97206
PN-18775,Parhena Norris,Supply Chain Executive,35,New York City,New York,10009
KD-16345,Katherine Ducich,Finance Executive,33,San Francisco,California,94122
ER-13855,Elpida Rittenbach,Supply Chain Executive,56,Saint Paul,Minnesota,55106
RB-19465,Rick Bensley,HR Executive,18,Chicago,Illinois,60610
GZ-14470,Gary Zandusky,HR Executive,64,Rochester,Minnesota,55901
LC-16870,Lena Cacioppo,Finance Executive,63,Aurora,Colorado,80013
JM-15250,Janet Martin,HR Executive,62,Charlotte,North Carolina,28205
PA-19060,Pete Armstrong,Supply Chain Executive,31,Orland Park,Illinois,60462
CV-12805,Cynthia Voltz,HR Executive,55,New York City,New York,10035
CL-12565,Clay Ludtke,Finance Executive,36,Urbandale,Iowa,50322
RC-19960,Ryan Crowe,Supply Chain Executive,34,Columbus,Ohio,43229
DK-13090,Dave Kipp,Sales Executive,24,Seattle,Washington,98103
GG-14650,Greg Guthrie,Sales Executive,51,Bristol,Tennessee,37620
SC-20725,Steven Cartwright,HR Executive,28,Wilmington,Delaware,19805
AD-10180,Alan Dominguez,HR Executive,52,Houston,Texas,77041
PF-19165,Philip Fox,Sales Executive,30,Bloomington,Illinois,61701
TS-21610,Troy Staebel,Sales Executive,33,Phoenix,Arizona,85023
LS-16975,Lindsay Shagiari,Supply Chain Executive,66,Los Angeles,California,90004
DW-13585,Dorothy Wardle,Sales Executive,62,Columbus,Ohio,43229
LC-16885,Lena Creighton,HR Executive,31,Roseville,California,95661
JD-15895,Jonathan Doherty,Finance Executive,57,Philadelphia,Pennsylvania,19140
SH-19975,Sally Hughsby,Finance Executive,60,San Francisco,California,94122
SG-20080,Sandra Glassco,Finance Executive,52,Independence,Missouri,64055
HA-14920,Helen Andreada,Supply Chain Executive,48,Pasadena,California,91104
MG-17680,Maureen Gastineau,Finance Executive,26,Newark,Ohio,43055
JE-16165,Justin Ellison,Finance Executive,49,Franklin,Wisconsin,53132
TW-21025,Tamara Willingham,HR Executive,61,Scottsdale,Arizona,85254
SP-20650,Stephanie Phelps,Sales Executive,18,San Jose,California,95123
NK-18490,Neil Knudson,Sales Executive,61,Seattle,Washington,98105
DB-13060,Dave Brooks,Sales Executive,50,Seattle,Washington,98115
NP-18670,Nora Paige,HR Executive,64,Edmond,Oklahoma,73034
TT-21070,Ted Trevino,Sales Executive,67,Los Angeles,California,90045
EM-13960,Eric Murdock,Sales Executive,46,Philadelphia,Pennsylvania,19134
RD-19900,Ruben Dartt,Finance Executive,26,Carlsbad,New Mexico,88220
MJ-17740,Max Jones,Sales Executive,40,Seattle,Washington,98115
BM-11140,Becky Martin,Sales Executive,67,San Antonio,Texas,78207
CS-12130,Chad Sievert,Supply Chain Executive,51,Los Angeles,California,90004
JB-15400,Jennifer Braxton,HR Executive,39,Chicago,Illinois,60623
SJ-20500,Shirley Jackson,HR Executive,69,Houston,Texas,77036
JK-15640,Jim Kriz,HR Executive,31,New York City,New York,10009
DK-13150,David Kendrick,HR Executive,20,Decatur,Illinois,62521
RM-19675,Robert Marley,Supply Chain Executive,57,Monroe,Louisiana,71203
FM-14290,Frank Merwin,Supply Chain Executive,45,Los Angeles,California,90032
AM-10360,Alice McCarthy,HR Executive,45,Grand Prairie,Texas,75051
MP-17470,Mark Packer,Supply Chain Executive,61,New York City,New York,10035
MZ-17515,Mary Zewe,Sales Executive,52,Redlands,California,92374
CB-12025,Cassandra Brandow,Supply Chain Executive,43,Hamilton,Ohio,45011
FH-14365,Fred Hopkins,Sales Executive,49,Philadelphia,Pennsylvania,19120
MB-17305,Maria Bertelson,HR Executive,43,Akron,Ohio,44312
BS-11755,Bruce Stewart,HR Executive,59,Denver,Colorado,80219
LC-17140,Logan Currie,Sales Executive,22,Dallas,Texas,75220
HK-14890,Heather Kirkland,Finance Executive,27,Franklin,Tennessee,37064
LE-16810,Laurel Elliston,Finance Executive,62,Whittier,California,90604
JH-15985,Joseph Holt,Finance Executive,51,Saginaw,Michigan,48601
MS-17980,Michael Stewart,Finance Executive,67,Dallas,Texas,75220
VW-21775,Victoria Wilson,HR Executive,62,Medina,Ohio,44256
JH-15910,Jonathan Howell,Finance Executive,40,Los Angeles,California,90032
JB-15925,Joni Blumstein,Supply Chain Executive,25,Dublin,Ohio,43017
DS-13180,David Smith,Sales Executive,41,Detroit,Michigan,48227
VD-21670,Valerie Dominguez,Finance Executive,69,Columbia,Tennessee,38401
EA-14035,Erin Ashbrook,HR Executive,61,Charlotte,North Carolina,28205
DB-13120,David Bremer,Sales Executive,60,Santa Clara,California,95051
KL-16645,Ken Lonsdale,Finance Executive,43,Chicago,Illinois,60610
DW-13480,Dianna Wilson,Sales Executive,25,Lakeville,Minnesota,55044
LH-17155,Logan Haushalter,Finance Executive,43,San Francisco,California,94109
KC-16540,Kelly Collister,HR Executive,39,San Diego,California,92037
DL-13315,Delfina Latchford,Sales Executive,48,New York City,New York,10024
DR-12880,Dan Reichenbach,Supply Chain Executive,68,Chicago,Illinois,60623
CC-12670,Craig Carreira,Sales Executive,22,New York City,New York,10009
Dl-13600,Dorris liebe,HR Executive,68,Pasadena,Texas,77506
SB-20290,Sean Braxton,HR Executive,41,Houston,Texas,77036
RC-19825,Roy Collins,HR Executive,54,Chicago,Illinois,60610
AH-10210,Alan Hwang,HR Executive,58,Brentwood,California,94513
CB-12535,Claudia Bergmann,HR Executive,63,Chapel Hill,North Carolina,27514
CA-12310,Christine Abelman,Finance Executive,68,Cincinnati,Ohio,45231
KH-16690,Kristen Hastings,HR Executive,36,San Francisco,California,94110
BB-10990,Barry Blumstein,Supply Chain Executive,41,Inglewood,California,90301
AG-10495,Andrew Gjertsen,Supply Chain Executive,24,Philadelphia,Pennsylvania,19140
JO-15280,Jas O Carroll,HR Executive,39,Los Angeles,California,90004
AH-10195,Alan Haines,Finance Executive,67,Tamarac,Florida,33319
NZ-18565,Nick Zandusky,HR Executive,23,Columbus,Ohio,43229
KL-16555,Kelly Lampkin,Supply Chain Executive,60,Colorado Springs,Colorado,80906
AS-10225,Alan Schoenberger,Supply Chain Executive,31,New York City,New York,10024
SH-20395,Shahid Hopkins,Supply Chain Executive,66,Arlington,Virginia,22204
BP-11185,Ben Peterman,Supply Chain Executive,48,Arvada,Colorado,80004
AG-10525,Andy Gerbode,Supply Chain Executive,69,Saint Petersburg,Florida,33710
SP-20860,Sung Pak,HR Executive,38,Philadelphia,Pennsylvania,19143
NM-18445,Nathan Mautz,Sales Executive,21,New York City,New York,10024
FA-14230,Frank Atkinson,Supply Chain Executive,34,Long Beach,California,90805
GK-14620,Grace Kelly,Sales Executive,32,Hesperia,California,92345
DJ-13510,Don Jones,Supply Chain Executive,67,Murfreesboro,Tennessee,37130
PO-18850,Patrick O Brill,Supply Chain Executive,59,Philadelphia,Pennsylvania,19143
JL-15850,John Lucas,Finance Executive,70,Philadelphia,Pennsylvania,19134
DB-13615,Doug Bickford,Sales Executive,19,Los Angeles,California,90045
AC-10420,Alyssa Crouse,HR Executive,69,San Francisco,California,94122
CC-12550,Clay Cheatham,HR Executive,42,San Francisco,California,94122
AB-10060,Adam Bellavance,HR Executive,25,New York City,New York,10009
JL-15505,Jeremy Lonsdale,Sales Executive,48,New York City,New York,10035
VB-21745,Victoria Brennan,Sales Executive,27,Columbus,Georgia,31907
KW-16435,Katrina Willman,HR Executive,48,New York City,New York,10009
JD-16060,Julia Dunbar,HR Executive,70,San Francisco,California,94109
GT-14755,Guy Thornton,Finance Executive,53,Harlingen,Texas,78550
AG-10900,Arthur Gainer,Finance Executive,56,Tucson,Arizona,85705
MM-18280,Muhammed MacIntyre,Sales Executive,59,Quincy,Illinois,62301
RA-19915,Russell Applegate,HR Executive,47,Houston,Texas,77095
AS-10285,Alejandro Savely,Finance Executive,53,San Francisco,California,94109
LA-16780,Laura Armstrong,Sales Executive,59,Taylor,Michigan,48180
DO-13435,Denny Ordway,Supply Chain Executive,25,Pembroke Pines,Florida,33024
DK-13225,Dean Katz,Sales Executive,36,Philadelphia,Pennsylvania,19140
NG-18430,Nathan Gelder,Sales Executive,50,Cincinnati,Ohio,45231
MV-18190,Mike Vittorini,Supply Chain Executive,66,New York City,New York,10009
JG-15115,Jack Garza,Sales Executive,63,Des Moines,Washington,98198
BP-11095,Bart Pistole,Finance Executive,30,Peoria,Illinois,61604
VP-21730,Victor Preis,HR Executive,35,Las Vegas,Nevada,89115
AG-10675,Anna Gayman,Finance Executive,69,Houston,Texas,77036
LF-17185,Luke Foster,HR Executive,36,Miami,Florida,33180
RF-19840,Roy Franzosisch,Finance Executive,57,New York City,New York,10024
KH-16510,Keith Herrera,Finance Executive,27,San Francisco,California,94110
KC-16675,Kimberly Carter,Finance Executive,31,Seattle,Washington,98105
CJ-12010,Caroline Jumper,Finance Executive,64,Huntington Beach,California,92646
PB-19150,Philip Brown,HR Executive,30,Los Angeles,California,90004
NF-18385,Natalie Fritzler,Supply Chain Executive,23,Jackson,Mississippi,39212
SD-20485,Shirley Daniels,Supply Chain Executive,70,New Rochelle,New York,10801
KH-16630,Ken Heidel,Finance Executive,34,San Antonio,Texas,78207
RB-19795,Ross Baird,Finance Executive,60,Gastonia,North Carolina,28052
MK-18160,Mike Kennedy,Finance Executive,22,Jacksonville,Florida,32216
PO-19180,Philisse Overcash,Sales Executive,46,Chicago,Illinois,60623
BB-11545,Brenda Bowman,Finance Executive,60,Houston,Texas,77070
TB-21595,Troy Blackwell,HR Executive,50,Columbus,Indiana,47201
RB-19360,Raymond Buch,Supply Chain Executive,70,Auburn,New York,13021
EB-13705,Ed Braxton,Finance Executive,41,Akron,Ohio,44312
SC-20095,Sanjit Chand,Supply Chain Executive,27,Concord,California,94521
TN-21040,Tanja Norvell,Sales Executive,37,Phoenix,Arizona,85023
JS-15940,Joni Sundaresam,Finance Executive,26,Park Ridge,Illinois,60068
MH-17785,Maya Herman,Supply Chain Executive,51,Lindenhurst,New York,11757
JP-15520,Jeremy Pistek,HR Executive,54,San Francisco,California,94110
JE-15475,Jeremy Ellison,Finance Executive,30,Troy,New York,12180
JG-15805,John Grady,Supply Chain Executive,26,New York City,New York,10024
XP-21865,Xylona Preis,Sales Executive,32,San Diego,California,92024
EM-14065,Erin Mull,Supply Chain Executive,48,New York City,New York,10024
MT-18070,Michelle Tran,HR Executive,69,Los Angeles,California,90045
SA-20830,Sue Ann Reed,Supply Chain Executive,34,Chicago,Illinois,60610
CW-11905,Carl Weiss,Supply Chain Executive,31,Huntsville,Texas,77340
AJ-10960,Astrea Jones,HR Executive,30,Rochester,New York,14609
SS-20590,Sonia Sunley,Finance Executive,51,Seattle,Washington,98115
RO-19780,Rose O Brian,HR Executive,25,Memphis,Tennessee,38109
MD-17350,Maribeth Dona,HR Executive,31,Fayetteville,Arkansas,72701
MY-17380,Maribeth Yedwab,Sales Executive,70,Parker,Colorado,80134
CM-12385,Christopher Martinez,Finance Executive,19,Atlanta,Georgia,30318
LS-17245,Lynn Smith,Supply Chain Executive,59,Gladstone,Missouri,64118
BN-11515,Bradley Nguyen,Sales Executive,63,Los Angeles,California,90049
DB-13210,Dean Braden,HR Executive,41,Houston,Texas,77041
MC-17605,Matt Connell,Sales Executive,49,Detroit,Michigan,48234
PH-18790,Patricia Hirasaki,HR Executive,55,Lakeland,Florida,33801
MG-18145,Mike Gockenbach,HR Executive,51,Philadelphia,Pennsylvania,19134
KB-16240,Karen Bern,Finance Executive,42,Los Angeles,California,90036
JC-15340,Jasper Cacioppo,Supply Chain Executive,39,Los Angeles,California,90032
RL-19615,Rob Lucas,HR Executive,53,Montgomery,Alabama,36116
AA-10375,Allen Armold,HR Executive,22,Mesa,Arizona,85204
EP-13915,Emily Phan,Sales Executive,38,Chicago,Illinois,60653
DK-12985,Darren Koutras,HR Executive,58,Henderson,Kentucky,42420
BD-11500,Bradley Drucker,Finance Executive,47,Green Bay,Wisconsin,54302
LM-17065,Liz MacKendrick,Sales Executive,32,Springfield,Ohio,45503
AS-10135,Adrian Shami,Finance Executive,65,New York City,New York,10035
BD-11320,Bill Donatelli,Sales Executive,68,San Francisco,California,94110
GT-14710,Greg Tran,Supply Chain Executive,67,Houston,Texas,77070
AJ-10945,Ashley Jarboe,HR Executive,62,Wilmington,North Carolina,28403
OT-18730,Olvera Toch,Sales Executive,39,Los Angeles,California,90045
LP-17080,Liz Pelletier,Sales Executive,22,San Francisco,California,94110
CA-12775,Cynthia Arntzen,Sales Executive,57,Tampa,Florida,33614
JF-15490,Jeremy Farry,Sales Executive,38,Seattle,Washington,98105
FP-14320,Frank Preis,HR Executive,20,Los Angeles,California,90008
EB-13840,Ellis Ballard,Finance Executive,25,Seattle,Washington,98105
JF-15415,Jennifer Ferguson,HR Executive,40,New York City,New York,10024
SF-20200,Sarah Foster,Sales Executive,38,Marysville,Washington,98270
TG-21640,Trudy Glocke,HR Executive,41,Long Beach,California,90805
CS-11950,Carlos Soltero,Supply Chain Executive,18,Chicago,Illinois,60610
CC-12145,Charles Crestani,Supply Chain Executive,21,Los Angeles,California,90004
DV-13465,Dianna Vittorini,HR Executive,60,Denver,Colorado,80219
BD-11725,Bruce Degenhardt,Supply Chain Executive,36,Richmond,Kentucky,40475
ZC-21910,Zuschuss Carroll,Supply Chain Executive,61,Salem,Oregon,97301
MS-17830,Melanie Seite,HR Executive,61,Laredo,Texas,78041
LR-16915,Lena Radford,HR Executive,35,San Diego,California,92024
TP-21130,Theone Pippenger,Sales Executive,64,Philadelphia,Pennsylvania,19134
CK-12205,Chloris Kastensmidt,HR Executive,61,Philadelphia,Pennsylvania,19120
AS-10240,Alan Shonely,Supply Chain Executive,68,Tampa,Florida,33614
AR-10510,Andrew Roberts,Sales Executive,58,Philadelphia,Pennsylvania,19134
NB-18655,Nona Balk,Supply Chain Executive,42,Dallas,Texas,75217
GD-14590,Giulietta Dortch,Supply Chain Executive,62,Philadelphia,Pennsylvania,19143
CK-12595,Clytie Kelty,Supply Chain Executive,60,Grove City,Ohio,43123
NG-18355,Nat Gilpin,Supply Chain Executive,57,New York City,New York,10011
CA-12265,Christina Anderson,Finance Executive,49,Chicago,Illinois,60610
SF-20965,Sylvia Foulston,Sales Executive,64,Dearborn,Michigan,48126
MO-17800,Meg O Connel,HR Executive,22,New York City,New York,10009
AT-10735,Annie Thurman,Sales Executive,30,Seattle,Washington,98115
FM-14380,Fred McMath,Supply Chain Executive,30,Aurora,Colorado,80013
DJ-13420,Denny Joy,Supply Chain Executive,21,Warner Robins,Georgia,31088
ME-17725,Max Engle,Supply Chain Executive,50,Aurora,Colorado,80013
JD-16150,Justin Deggeller,Finance Executive,37,Minneapolis,Minnesota,55407
JL-15835,John Lee,HR Executive,57,Mission Viejo,California,92691
SC-20305,Sean Christensen,Finance Executive,30,Rochester Hills,Michigan,48307
CC-12430,Chuck Clark,Finance Executive,66,Columbus,Indiana,47201
AR-10825,Anthony Rawles,HR Executive,39,Vancouver,Washington,98661
SR-20740,Steven Roelle,Finance Executive,19,New York City,New York,10024
CR-12730,Craig Reiter,Finance Executive,25,Columbus,Ohio,43229
EH-14125,Eugene Hildebrand,HR Executive,41,Aurora,Illinois,60505
SP-20545,Sibella Parks,Supply Chain Executive,68,New York City,New York,10011
TH-21235,Tiffany House,Supply Chain Executive,28,Dallas,Texas,75081
RP-19390,Resi Polking,HR Executive,44,Cleveland,Ohio,44105
RB-19570,Rob Beeghly,Supply Chain Executive,57,Columbus,Indiana,47201
CD-11980,Carol Darley,HR Executive,61,Tyler,Texas,75701
DJ-13630,Doug Jacobs,HR Executive,41,New York City,New York,10024
GT-14635,Grant Thornton,Sales Executive,19,Burlington,North Carolina,27217
MC-17845,Michael Chen,Sales Executive,50,Jackson,Mississippi,39212
RA-19285,Ralph Arnett,HR Executive,45,New York City,New York,10035
NP-18325,Naresj Patel,Finance Executive,70,Waynesboro,Virginia,22980
AB-10165,Alan Barnes,Sales Executive,22,Los Angeles,California,90036
JO-15550,Jesus Ocampo,Sales Executive,58,Chester,Pennsylvania,19013
JK-15370,Jay Kimmel,HR Executive,27,Long Beach,California,90805
BN-11470,Brad Norvell,Supply Chain Executive,20,Cary,North Carolina,27511
DP-13165,David Philippe,Sales Executive,50,New York City,New York,10035
TH-21550,Tracy Hopkins,HR Executive,48,New York City,New York,10035
AP-10915,Arthur Prichep,Sales Executive,61,Palm Coast,Florida,32137
RS-19765,Roland Schwarz,Sales Executive,45,Mount Vernon,New York,10550
SV-20365,Seth Vernon,Supply Chain Executive,22,Dover,Delaware,19901
CK-12325,Christine Kargatis,Finance Executive,53,Orem,Utah,84057
RD-19810,Ross DeVincentis,Finance Executive,35,Los Angeles,California,90045
MR-17545,Mathew Reese,Finance Executive,37,Philadelphia,Pennsylvania,19140
SC-20695,Steve Chapman,Sales Executive,46,Hialeah,Florida,33012
JF-15355,Jay Fein,Sales Executive,70,Austin,Texas,78745
EG-13900,Emily Grady,Finance Executive,60,Oceanside,New York,11572
DS-13030,Darrin Sayre,HR Executive,62,Seattle,Washington,98115
PO-19195,Phillina Ober,Supply Chain Executive,45,Naperville,Illinois,60540
SS-20875,Sung Shariari,Sales Executive,18,Dallas,Texas,75220
PB-19105,Peter Buhler,Sales Executive,32,Evanston,Illinois,60201
RF-19735,Roland Fjeld,HR Executive,38,Trenton,Michigan,48183
YC-21895,Yoseph Carroll,HR Executive,42,San Francisco,California,94110
DC-13285,Debra Catini,Supply Chain Executive,48,Cottage Grove,Minnesota,55016
CP-12340,Christine Phan,Finance Executive,38,New York City,New York,10009
BF-11020,Barry Franzosisch,Supply Chain Executive,67,Green Bay,Wisconsin,54302
LH-17020,Lisa Hazard,Sales Executive,60,Columbus,Ohio,43229
CS-12250,Chris Selesnick,Sales Executive,59,Bossier City,Louisiana,71111
AJ-10795,Anthony Johnson,HR Executive,27,Saint Petersburg,Florida,33710
BV-11245,Benjamin Venier,HR Executive,46,Des Moines,Iowa,50315
DL-12865,Dan Lawera,Sales Executive,26,Cincinnati,Ohio,45231
BM-11785,Bryan Mills,Sales Executive,31,Columbus,Ohio,43229
LT-17110,Liz Thompson,HR Executive,51,Lancaster,California,93534
JK-15730,Joe Kamberova,Sales Executive,69,Asheville,North Carolina,28806
ES-14020,Erica Smith,HR Executive,47,San Francisco,California,94110
RH-19495,Rick Hansen,HR Executive,19,Rochester,Minnesota,55901
CD-11920,Carlos Daly,HR Executive,51,Lake Elsinore,California,92530
HW-14935,Helen Wasserman,HR Executive,55,San Diego,California,92105
MC-18130,Mike Caudle,Sales Executive,59,Monroe,Louisiana,71203
GM-14440,Gary McGarr,HR Executive,19,San Francisco,California,94122
PJ-19015,Pauline Johnson,HR Executive,48,Santa Ana,California,92704
BW-11110,Bart Watters,HR Executive,50,Milwaukee,Wisconsin,53209
PG-18820,Patrick Gardner,Supply Chain Executive,38,San Francisco,California,94110
JL-15175,James Lanier,Finance Executive,25,Columbia,Tennessee,38401
BM-11650,Brian Moss,Supply Chain Executive,48,New York City,New York,10035
EM-14095,Eudokia Martin,Sales Executive,56,Los Angeles,California,90036
AF-10885,Art Foster,HR Executive,40,Louisville,Kentucky,40214
GA-14725,Guy Armstrong,Finance Executive,32,Lorain,Ohio,44052
DP-13105,Dave Poirier,Supply Chain Executive,66,Salinas,California,93905
BK-11260,Berenike Kampe,Supply Chain Executive,37,New York City,New York,10035
CM-12445,Chuck Magee,HR Executive,27,San Francisco,California,94122
AJ-10780,Anthony Jacobs,Supply Chain Executive,47,Springfield,Virginia,22153
LS-16945,Linda Southworth,HR Executive,21,Philadelphia,Pennsylvania,19140
GP-14740,Guy Phonely,Finance Executive,28,Lancaster,Pennsylvania,17602
PK-18910,Paul Knutson,Finance Executive,42,Philadelphia,Pennsylvania,19143
SM-20005,Sally Matthias,Sales Executive,51,New York City,New York,10009
AG-10765,Anthony Garverick,Sales Executive,40,Philadelphia,Pennsylvania,19120
PM-19135,Peter McVee,Sales Executive,65,Detroit,Michigan,48227
LL-16840,Lauren Leatherbury,HR Executive,29,Rochester,New York,14609
JS-15595,Jill Stevenson,Finance Executive,65,Los Angeles,California,90045
EL-13735,Ed Ludwig,Finance Executive,42,Columbia,Maryland,21044
PC-18745,Pamela Coakley,Sales Executive,25,San Francisco,California,94122
HL-15040,Hunter Lopez,Supply Chain Executive,65,Houston,Texas,77095
MS-17365,Maribeth Schnelling,Finance Executive,55,Detroit,Michigan,48227
GB-14530,George Bell,Sales Executive,41,Auburn,New York,13021
JR-16210,Justin Ritter,Finance Executive,68,Springfield,Ohio,45503
BE-11335,Bill Eplett,Supply Chain Executive,20,Jackson,Michigan,49201
RW-19630,Rob Williams,Finance Executive,23,Dallas,Texas,75220
SE-20110,Sanjit Engle,Finance Executive,28,New York City,New York,10009
AH-10075,Adam Hart,Sales Executive,21,New York City,New York,10011
JM-15535,Jessica Myrick,Finance Executive,36,Philadelphia,Pennsylvania,19143
JJ-15760,Joel Jenkins,Sales Executive,59,Springfield,Virginia,22153
RK-19300,Ralph Kennedy,Supply Chain Executive,29,Philadelphia,Pennsylvania,19140
CG-12040,Catherine Glotzbach,HR Executive,27,Philadelphia,Pennsylvania,19120
RP-19270,Rachel Payne,Sales Executive,47,Riverside,California,92503
KC-16255,Karen Carlisle,Sales Executive,23,San Francisco,California,94110
KH-16360,Katherine Hughes,Supply Chain Executive,69,Philadelphia,Pennsylvania,19143
GH-14665,Greg Hansen,Finance Executive,67,Round Rock,Texas,78664
SW-20275,Scott Williamson,Finance Executive,35,Jackson,Mississippi,39212
JA-15970,Joseph Airdo,HR Executive,56,Phoenix,Arizona,85023
DL-12925,Daniel Lacy,Sales Executive,23,Oceanside,California,92054
LW-16990,Lindsay Williams,Supply Chain Executive,58,San Francisco,California,94110
TB-21190,Thomas Brumley,Supply Chain Executive,29,Fayetteville,Arkansas,72701
BS-11800,Bryan Spruell,Supply Chain Executive,53,New York City,New York,10011
RW-19690,Robert Waldorf,Supply Chain Executive,29,Wilmington,North Carolina,28403
TZ-21580,Tracy Zic,Finance Executive,65,Louisville,Colorado,80027
AS-10630,Ann Steele,Sales Executive,54,Pasadena,Texas,77506
TS-21340,Toby Swindell,HR Executive,67,Houston,Texas,77041
SL-20155,Sara Luxemburg,Sales Executive,55,Jacksonville,Florida,32216
MW-18235,Mitch Willingham,HR Executive,30,Virginia Beach,Virginia,23464
RD-19585,Rob Dowd,Supply Chain Executive,60,Henderson,Kentucky,42420
RA-19945,Ryan Akin,Finance Executive,39,Murrieta,California,92563
MT-17815,Meg Tillman,Supply Chain Executive,58,Scottsdale,Arizona,85254
VG-21790,Vivek Gonzalez,Finance Executive,44,San Diego,California,92037
JS-15880,John Stevenson,Sales Executive,60,Seattle,Washington,98103
KM-16225,Kalyca Meade,Supply Chain Executive,57,New York City,New York,10011
HR-14770,Hallie Redmond,Supply Chain Executive,67,Los Angeles,California,90045
DE-13255,Deanra Eno,HR Executive,42,Springfield,Ohio,45503
AG-10390,Allen Goldenen,HR Executive,47,Cincinnati,Ohio,45231
JJ-15445,Jennifer Jackson,Supply Chain Executive,47,Los Angeles,California,90004
JH-15430,Jennifer Halladay,Sales Executive,48,Burlington,North Carolina,27217
RD-19660,Robert Dilbeck,Finance Executive,53,Saint Peters,Missouri,63376
MO-17500,Mary O Rourke,Sales Executive,25,New York City,New York,10035
NS-18640,Noel Staavos,Supply Chain Executive,37,Chicago,Illinois,60610
DG-13300,Deirdre Greer,Finance Executive,60,Philadelphia,Pennsylvania,19134
NF-18595,Nicole Fjeld,Sales Executive,42,New York City,New York,10009
MG-17650,Matthew Grinstein,HR Executive,53,Philadelphia,Pennsylvania,19143
TS-21160,Theresa Swint,Sales Executive,27,Toledo,Ohio,43615
BD-11620,Brian DeCherney,Finance Executive,46,San Francisco,California,94122
CM-12160,Charles McCrossin,Supply Chain Executive,58,Brownsville,Texas,78521
SN-20560,Skye Norling,Finance Executive,65,Los Angeles,California,90008
EH-14005,Erica Hernandez,Finance Executive,38,Denver,Colorado,80219
FO-14305,Frank Olsen,Sales Executive,22,New York City,New York,10035
MS-17710,Maurice Satty,Finance Executive,46,Mesa,Arizona,85204
CC-12100,Chad Cunningham,Sales Executive,30,Columbus,Indiana,47201
DW-13540,Don Weiss,Supply Chain Executive,60,Seattle,Washington,98105
BT-11395,Bill Tyler,Supply Chain Executive,32,Detroit,Michigan,48227
CY-12745,Craig Yedwab,Finance Executive,36,Oakland,California,94601
BT-11485,Brad Thomas,Sales Executive,66,Clinton,Maryland,20735
PS-19045,Penelope Sewall,HR Executive,23,Charlotte,North Carolina,28205
PV-18985,Paul Van Hugh,Finance Executive,64,San Francisco,California,94122
NM-18520,Neoma Murray,Supply Chain Executive,45,Riverside,California,92503
DL-13495,Dionis Lloyd,HR Executive,52,San Francisco,California,94110
CS-12355,Christine Sundaresam,HR Executive,63,Roswell,Georgia,30076
FH-14275,Frank Hawley,Sales Executive,26,La Porte,Indiana,46350
NC-18340,Nat Carroll,Supply Chain Executive,45,Lansing,Michigan,48911
AA-10315,Alex Avila,HR Executive,66,Minneapolis,Minnesota,55407
LT-16765,Larry Tron,Supply Chain Executive,42,Escondido,California,92025
AP-10720,Anne Pryor,Finance Executive,18,New York City,New York,10035
PM-18940,Paul MacIntyre,Supply Chain Executive,41,Jackson,Michigan,49201
AT-10435,Alyssa Tate,Supply Chain Executive,19,Los Angeles,California,90004
CA-12055,Cathy Armstrong,HR Executive,67,Houston,Texas,77070
HR-14830,Harold Ryan,Supply Chain Executive,69,Seattle,Washington,98103
BT-11530,Bradley Talbott,Supply Chain Executive,34,Los Angeles,California,90036
LH-16750,Larry Hughes,Finance Executive,37,Charlotte,North Carolina,28205
SW-20755,Steven Ward,Supply Chain Executive,57,New York City,New York,10009
SP-20620,Stefania Perrino,Supply Chain Executive,32,Philadelphia,Pennsylvania,19134
BF-11170,Ben Ferrer,Supply Chain Executive,19,Los Angeles,California,90036
KT-16480,Kean Thornton,Sales Executive,51,Buffalo,New York,14215
BG-11695,Brooke Gillingham,Supply Chain Executive,46,Cincinnati,Ohio,45231
GM-14680,Greg Matthias,HR Executive,69,Seattle,Washington,98105
EJ-14155,Eva Jacobs,Finance Executive,22,Gulfport,Mississippi,39503
NP-18700,Nora Preis,HR Executive,32,Fresno,California,93727
MH-18115,Mick Hernandez,Supply Chain Executive,25,Chester,Pennsylvania,19013
JR-15700,Jocasta Rupert,HR Executive,69,Jacksonville,Florida,32216
SM-20950,Suzanne McNair,Finance Executive,54,Greenville,North Carolina,27834
CC-12220,Chris Cortes,Sales Executive,18,La Porte,Indiana,46350
PF-19225,Phillip Flathmann,Supply Chain Executive,49,San Francisco,California,94122
DC-12850,Dan Campbell,Sales Executive,50,Florence,Alabama,35630
BD-11770,Bryan Davis,Sales Executive,50,Houston,Texas,77070
TB-21355,Todd Boyes,Sales Executive,53,New York City,New York,10009
JH-16180,Justin Hirsh,Sales Executive,57,Pueblo,Colorado,81001
EB-13975,Erica Bern,HR Executive,53,Fairfield,California,94533
QJ-19255,Quincy Jones,Finance Executive,48,Saint Paul,Minnesota,55106
TC-21535,Tracy Collins,Sales Executive,57,Arlington,Virginia,22204
CS-12460,Chuck Sachs,Finance Executive,44,Columbus,Georgia,31907
HG-14965,Henry Goldwyn,Sales Executive,32,Los Angeles,California,90032
LW-16825,Laurel Workman,Finance Executive,64,Deltona,Florida,32725
MC-17575,Matt Collins,Supply Chain Executive,25,Cincinnati,Ohio,45231
LP-17095,Liz Preis,Sales Executive,58,Murray,Kentucky,42071
EB-14170,Evan Bailliet,Sales Executive,64,Wilmington,North Carolina,28403
FG-14260,Frank Gastineau,HR Executive,67,San Francisco,California,94110
LD-17005,Lisa DeCherney,Finance Executive,65,San Francisco,California,94109
AB-10255,Alejandro Ballentine,HR Executive,34,Lorain,Ohio,44052
MN-17935,Michael Nguyen,Finance Executive,41,Dallas,Texas,75220
JF-15190,Jamie Frazer,HR Executive,26,Los Angeles,California,90008
CM-12115,Chad McGuire,Finance Executive,50,New York City,New York,10011
AS-10045,Aaron Smayling,Supply Chain Executive,42,Jacksonville,North Carolina,28540
BP-11290,Beth Paige,Supply Chain Executive,26,Evanston,Illinois,60201
ND-18370,Natalie DeCherney,HR Executive,41,Louisville,Kentucky,40214
LB-16735,Larry Blacks,Sales Executive,65,Fort Worth,Texas,76106
KT-16465,Kean Takahito,HR Executive,24,Los Angeles,California,90049
HM-14860,Harry Marie,Sales Executive,64,Philadelphia,Pennsylvania,19120
AB-10600,Ann Blume,HR Executive,34,Tucson,Arizona,85705
SZ-20035,Sam Zeldin,HR Executive,39,Pico Rivera,California,90660
MG-17890,Michael Granlund,Finance Executive,31,Clinton,Maryland,20735
JK-16120,Julie Kriz,Sales Executive,67,Aurora,Illinois,60505
PP-18955,Paul Prost,HR Executive,44,Smyrna,Georgia,30080
YS-21880,Yana Sorensen,Sales Executive,31,Burlington,North Carolina,27217
KM-16375,Katherine Murray,Supply Chain Executive,70,Salem,Virginia,24153
AB-10105,Adrian Barton,HR Executive,63,Phoenix,Arizona,85023
HA-14905,Helen Abelman,Finance Executive,58,New York City,New York,10024
BT-11305,Beth Thompson,Supply Chain Executive,38,Costa Mesa,California,92627
SV-20815,Stuart Van,Sales Executive,42,Houston,Texas,77041
RW-19540,Rick Wilson,Finance Executive,52,Mesa,Arizona,85204
DK-12835,Damala Kotsonis,HR Executive,57,Salinas,California,93905
ST-20530,Shui Tom,HR Executive,26,Parma,Ohio,44134
MM-17920,Michael Moore,Supply Chain Executive,41,San Francisco,California,94110
PW-19030,Pauline Webber,Sales Executive,47,Richmond,Kentucky,40475
SC-20440,Shaun Chance,HR Executive,28,Aurora,Colorado,80013
TS-21085,Thais Sissman,Sales Executive,21,Phoenix,Arizona,85023
MC-17425,Mark Cousins,Finance Executive,50,Mobile,Alabama,36608
ME-17320,Maria Etezadi,HR Executive,48,Columbus,Georgia,31907
NH-18610,Nicole Hansen,Sales Executive,44,Irving,Texas,75061
KD-16495,Keith Dawkins,Finance Executive,68,New York City,New York,10009
KN-16390,Katherine Nockton,Sales Executive,43,Los Angeles,California,90004
NP-18685,Nora Pelletier,Finance Executive,42,Niagara Falls,New York,14304
CS-12505,Cindy Stewart,HR Executive,41,Thomasville,North Carolina,27360
MS-17770,Maxwell Schwartz,Supply Chain Executive,47,New York City,New York,10035
CM-12655,Corinna Mitchell,Sales Executive,33,Los Angeles,California,90008
Co-12640,Corey-Lock,HR Executive,55,Philadelphia,Pennsylvania,19143
TS-21370,Todd Sumrall,Finance Executive,62,New York City,New York,10035
JW-15220,Jane Waco,Finance Executive,24,Vancouver,Washington,98661
JD-15790,John Dryer,Finance Executive,26,Coppell,Texas,75019
PC-19000,Pauline Chand,HR Executive,49,Los Angeles,California,90004
AR-10540,Andy Reiter,Finance Executive,48,New York City,New York,10024
AI-10855,Arianne Irving,Finance Executive,35,Philadelphia,Pennsylvania,19120
TB-21400,Tom Boeckenhauer,Supply Chain Executive,37,Seattle,Washington,98105
PL-18925,Paul Lucas,HR Executive,20,Chicago,Illinois,60610
GH-14425,Gary Hwang,Sales Executive,63,Tucson,Arizona,85705
MP-18175,Mike Pelletier,HR Executive,34,Laguna Niguel,California,92677
DB-13270,Deborah Brumfield,HR Executive,24,San Diego,California,92024
IG-15085,Ivan Gibson,HR Executive,63,San Diego,California,92024
BO-11425,Bobby Odegard,Supply Chain Executive,63,Richmond,Kentucky,40475
AB-10150,Aimee Bixby,HR Executive,65,Long Beach,New York,11561
JW-16075,Julia West,HR Executive,25,Philadelphia,Pennsylvania,19140
EB-13750,Edward Becker,Sales Executive,20,Seattle,Washington,98103
SG-20470,Sheri Gordon,Finance Executive,44,New York City,New York,10011
CM-12190,Charlotte Melton,HR Executive,66,Philadelphia,Pennsylvania,19134
AW-10840,Anthony Witt,Sales Executive,37,Allen,Texas,75002
MC-18100,Mick Crebagga,Sales Executive,65,El Paso,Texas,79907
TT-21460,Tonja Turnell,Sales Executive,22,Aurora,Illinois,60505
VG-21805,Vivek Grady,HR Executive,54,Virginia Beach,Virginia,23464
MY-18295,Muhammed Yedwab,Finance Executive,25,Grapevine,Texas,76051
RD-19480,Rick Duston,Supply Chain Executive,47,Olympia,Washington,98502
DP-13390,Dennis Pardue,Finance Executive,44,Peoria,Illinois,61604
ML-17395,Marina Lichtenstein,Finance Executive,44,Los Angeles,California,90008
JC-15385,Jenna Caffey,Sales Executive,35,Kent,Washington,98031
JG-15160,James Galang,Finance Executive,37,Los Angeles,California,90049
MC-17275,Marc Crier,Supply Chain Executive,24,Lafayette,Louisiana,70506
NW-18400,Natalie Webber,HR Executive,29,Tigard,Oregon,97224
TB-21280,Toby Braunhardt,HR Executive,24,Washington,District of Columbia,20016
BS-11380,Bill Stewart,Finance Executive,53,Skokie,Illinois,60076
HH-15010,Hilary Holden,HR Executive,58,San Francisco,California,94110
CD-12280,Christina DeMoss,Supply Chain Executive,42,Seattle,Washington,98105
TH-21100,Thea Hendricks,HR Executive,21,Los Angeles,California,90045
MM-18055,Michelle Moray,Sales Executive,19,Seattle,Washington,98115
NS-18505,Neola Schneider,Sales Executive,54,Dallas,Texas,75217
RB-19645,Robert Barroso,Sales Executive,40,North Las Vegas,Nevada,89031
SW-20455,Shaun Weien,Sales Executive,21,Suffolk,Virginia,23434
EB-13930,Eric Barreto,Finance Executive,63,San Francisco,California,94110
PS-18760,Pamela Stobb,Sales Executive,36,Los Angeles,California,90008
HF-14995,Herbert Flentye,HR Executive,19,Indianapolis,Indiana,46203
HZ-14950,Henia Zydlo,Finance Executive,32,Columbus,Ohio,43229
CD-12790,Cynthia Delaney,Supply Chain Executive,70,San Diego,California,92037
JK-15205,Jamie Kunitz,Sales Executive,48,San Francisco,California,94122
FM-14215,Filia McAdams,Supply Chain Executive,62,Dublin,Ohio,43017
ED-13885,Emily Ducich,Sales Executive,28,San Diego,California,92037
DA-13450,Dianna Arnett,HR Executive,38,Houston,Texas,77095
JW-15955,Joni Wasserman,Finance Executive,45,Oakland,California,94601
RM-19375,Raymond Messe,Sales Executive,39,Houston,Texas,77095
ML-17755,Max Ludwig,HR Executive,22,Suffolk,Virginia,23434
CC-12685,Craig Carroll,HR Executive,59,Greensboro,North Carolina,27405
JE-15610,Jim Epp,HR Executive,38,Milwaukee,Wisconsin,53209
RP-19855,Roy Phan,HR Executive,50,Kenosha,Wisconsin,53142
TB-21175,Thomas Boland,Supply Chain Executive,45,Houston,Texas,77041
BE-11455,Brad Eason,Sales Executive,20,Olathe,Kansas,66062
JF-15565,Jill Fjeld,Sales Executive,36,Dallas,Texas,75081
PB-19210,Phillip Breyer,HR Executive,32,Tulsa,Oklahoma,74133
BT-11680,Brian Thompson,Finance Executive,70,Newark,Ohio,43055
JL-15235,Janet Lee,HR Executive,29,Chicago,Illinois,60623
CH-12070,Cathy Hwang,Supply Chain Executive,36,Raleigh,North Carolina,27604
ND-18460,Neil Ducich,Sales Executive,33,Macon,Georgia,31204
BF-10975,Barbara Fisher,HR Executive,47,Charlotte,North Carolina,28205
KH-16330,Katharine Harms,Finance Executive,66,Bowling Green,Kentucky,42104
GW-14605,Giulietta Weimer,Sales Executive,49,Seattle,Washington,98115
NC-18625,Noah Childs,Sales Executive,48,Aurora,Colorado,80013
ME-18010,Michelle Ellison,Supply Chain Executive,34,San Francisco,California,94122
BP-11230,Benjamin Patterson,HR Executive,19,Spokane,Washington,99207
JC-15775,John Castell,HR Executive,22,San Antonio,Texas,78207
AS-10090,Adam Shillingsburg,HR Executive,46,Charlottesville,Virginia,22901
AC-10450,Amy Cox,HR Executive,46,Minneapolis,Minnesota,55407
MD-17860,Michael Dominguez,Sales Executive,21,Indianapolis,Indiana,46203
DB-13660,Duane Benoit,Supply Chain Executive,21,Oceanside,New York,11572
EH-13990,Erica Hackney,Finance Executive,22,Roswell,Georgia,30076
EH-13765,Edward Hooks,Sales Executive,44,Watertown,New York,13601
SC-20230,Scot Coram,Finance Executive,20,Arlington,Texas,76017
JE-15715,Joe Elijah,HR Executive,44,Broomfield,Colorado,80020
AC-10615,Ann Chong,Supply Chain Executive,61,New York City,New York,10009
JD-16015,Joy Daniels,Supply Chain Executive,23,Chicago,Illinois,60610
CB-12415,Christy Brittain,Sales Executive,47,Columbus,Ohio,43229
JS-16030,Joy Smith,Finance Executive,51,Houston,Texas,77036
LW-17215,Luke Weiss,Sales Executive,60,Pasadena,California,91104
SC-20800,Stuart Calhoun,HR Executive,20,Houston,Texas,77041
AM-10705,Anne McFarland,Finance Executive,28,Auburn,Alabama,36830
CT-11995,Carol Triggs,Supply Chain Executive,57,Rochester,Minnesota,55901
CC-12610,Corey Catlett,Sales Executive,18,Philadelphia,Pennsylvania,19134
KA-16525,Kelly Andreada,HR Executive,59,Ontario,California,91761
TC-20980,Tamara Chand,Sales Executive,29,Seattle,Washington,98105
BF-11080,Bart Folk,Supply Chain Executive,23,Baltimore,Maryland,21215
MM-17260,Magdelene Morse,HR Executive,49,Wilmington,Delaware,19805
AH-10120,Adrian Hane,HR Executive,27,Tucson,Arizona,85705
BW-11200,Ben Wallace,HR Executive,31,Boynton Beach,Florida,33437
SW-20245,Scot Wooten,Finance Executive,20,Stockton,California,95207
BS-11665,Brian Stugart,HR Executive,21,Philadelphia,Pennsylvania,19143
WB-21850,William Brown,Sales Executive,38,Philadelphia,Pennsylvania,19134
TB-21625,Trudy Brown,Finance Executive,63,Grand Prairie,Texas,75051
AF-10870,Art Ferguson,Supply Chain Executive,63,College Station,Texas,77840
RB-19435,Richard Bierner,HR Executive,18,Saint Louis,Missouri,63116
KF-16285,Karen Ferguson,Supply Chain Executive,65,Manteca,California,95336
JH-15820,John Huston,HR Executive,37,Kent,Ohio,44240
IL-15100,Ivan Liston,Finance Executive,53,San Francisco,California,94122
PB-18805,Patrick Bzostek,Sales Executive,61,Salt Lake City,Utah,84106
RH-19600,Rob Haberlin,Supply Chain Executive,21,Huntsville,Alabama,35810
AW-10930,Arthur Wiediger,Supply Chain Executive,58,Aurora,Illinois,60505
DB-13555,Dorothy Badders,Finance Executive,58,Jacksonville,Florida,32216
MH-17620,Matt Hagelstein,Finance Executive,22,San Francisco,California,94110
DK-13375,Dennis Kane,Supply Chain Executive,56,Marion,Ohio,43302
BT-11440,Bobby Trafton,Sales Executive,20,Littleton,Colorado,80122
DB-13405,Denny Blanton,Finance Executive,41,La Porte,Indiana,46350
TG-21310,Toby Gnade,Sales Executive,68,Los Angeles,California,90049
BF-11005,Barry Franz,Supply Chain Executive,56,Pasadena,California,91104
JM-16195,Justin MacKendrick,Finance Executive,18,Los Angeles,California,90004
MZ-17335,Maria Zettner,HR Executive,29,San Diego,California,92024
MW-18220,Mitch Webber,Finance Executive,69,New York City,New York,10035
MV-17485,Mark Van Huff,HR Executive,54,Arlington,Virginia,22204
SM-20320,Sean Miller,Sales Executive,62,Monroe,North Carolina,28110
TP-21415,Tom Prescott,Sales Executive,52,Seattle,Washington,98115
JK-15625,Jim Karlsson,Finance Executive,34,Seattle,Washington,98115
PJ-18835,Patrick Jones,HR Executive,19,Murfreesboro,Tennessee,37130
RS-19420,Ricardo Sperren,Sales Executive,44,Seattle,Washington,98115
SV-20935,Susan Vittorini,HR Executive,53,New York City,New York,10009
BC-11125,Becky Castell,Finance Executive,35,Peoria,Arizona,85345
EM-13825,Elizabeth Moffitt,Sales Executive,63,Sioux Falls,South Dakota,57103
BM-11575,Brendan Murry,Supply Chain Executive,22,New York City,New York,10035
KN-16705,Kristina Nunn,HR Executive,65,Fort Collins,Colorado,80525
KW-16570,Kelly Williams,HR Executive,50,Clarksville,Tennessee,37042
SC-20260,Scott Cohen,Supply Chain Executive,24,San Francisco,California,94122
CV-12295,Christina VanderZanden,HR Executive,58,Fresno,California,93727
SG-20605,Speros Goranitis,HR Executive,69,New York City,New York,10009
TM-21010,Tamara Manning,HR Executive,31,San Francisco,California,94122
EM-13810,Eleni McCrary,Sales Executive,59,Los Angeles,California,90036
ML-18040,Michelle Lonsdale,Sales Executive,22,Albuquerque,New Mexico,87105
CR-12580,Clay Rozendal,Supply Chain Executive,52,Elmhurst,Illinois,60126
AZ-10750,Annie Zypern,HR Executive,59,New York City,New York,10009
PW-19240,Pierre Wener,Finance Executive,70,Louisville,Colorado,80027
SC-20380,Shahid Collister,Sales Executive,68,Seattle,Washington,98115
CM-11935,Carlos Meador,HR Executive,56,Fayetteville,North Carolina,28314
GM-14695,Greg Maxwell,Finance Executive,49,Los Angeles,California,90036
TB-21250,Tim Brockman,Sales Executive,39,New York City,New York,10024
JM-15865,John Murray,Sales Executive,66,Jamestown,New York,14701
SC-20575,Sonia Cooley,Sales Executive,58,Mishawaka,Indiana,46544
LS-17200,Luke Schmidt,Finance Executive,59,Skokie,Illinois,60076
RR-19315,Ralph Ritter,Supply Chain Executive,31,San Francisco,California,94110
DB-12910,Daniel Byrd,Finance Executive,38,Tampa,Florida,33614
TT-21220,Thomas Thornton,Sales Executive,47,Houston,Texas,77041
LO-17170,Lori Olson,Sales Executive,29,La Quinta,California,92253
KD-16615,Ken Dana,Finance Executive,41,Scottsdale,Arizona,85254
NB-18580,Nicole Brennan,HR Executive,33,Philadelphia,Pennsylvania,19134
BD-11635,Brian Derr,Sales Executive,42,Bowling Green,Kentucky,42104
CM-12235,Chris McAfee,Finance Executive,35,Carrollton,Texas,75007
EN-13780,Edward Nazzal,HR Executive,64,New York City,New York,10035
KN-16450,Kean Nguyen,HR Executive,47,Jacksonville,Florida,32216
BO-11350,Bill Overfelt,HR Executive,46,Los Angeles,California,90045
AG-10300,Aleksandra Gannaway,Sales Executive,68,Los Angeles,California,90049
MC-17635,Matthew Clasen,HR Executive,49,Saint Louis,Missouri,63116
TA-21385,Tom Ashbrook,HR Executive,19,New York City,New York,10024
JF-15295,Jason Fortune-,Sales Executive,59,Seattle,Washington,98103
TT-21265,Tim Taslimi,Finance Executive,69,Los Angeles,California,90045
SB-20170,Sarah Bern,Sales Executive,62,New York City,New York,10035
CL-12700,Craig Leslie,Finance Executive,36,Springfield,Missouri,65807
HG-15025,Hunter Glantz,Sales Executive,30,Amarillo,Texas,79109
NL-18310,Nancy Lomonaco,HR Executive,69,Los Angeles,California,90045
TC-21295,Toby Carlisle,Sales Executive,31,San Diego,California,92024
SV-20785,Stewart Visinsky,Finance Executive,34,Pueblo,Colorado,81001
BE-11410,Bobby Elias,Sales Executive,54,Lancaster,Ohio,43130
SC-20680,Steve Carroll,Sales Executive,31,Columbus,Georgia,31907
DF-13135,David Flashing,HR Executive,45,Vallejo,California,94591
FH-14350,Fred Harton,Sales Executive,45,Seattle,Washington,98105
MS-17530,MaryBeth Skach,Supply Chain Executive,45,San Diego,California,92037
RH-19555,Ritsa Hightower,Sales Executive,61,Tallahassee,Florida,32303
GA-14515,George Ashbrook,Sales Executive,42,San Francisco,California,94122
JP-16135,Julie Prescott,Supply Chain Executive,57,Columbus,Georgia,31907
Dp-13240,Dean percer,HR Executive,64,Murray,Utah,84107
MO-17950,Michael Oakman,Sales Executive,35,Dallas,Texas,75220
DL-13330,Denise Leinenbach,HR Executive,69,Las Cruces,New Mexico,88001
MH-18025,Michelle Huthwaite,Supply Chain Executive,40,Seattle,Washington,98115
DM-13015,Darrin Martin,Finance Executive,53,Encinitas,California,92024
CA-11965,Carol Adams,Finance Executive,19,Hoover,Alabama,35244
AC-10660,Anna Chung,Supply Chain Executive,30,Huntsville,Texas,77340
DM-13345,Denise Monton,Finance Executive,46,Roswell,Georgia,30076
VF-21715,Vicky Freymann,Sales Executive,59,Columbus,Indiana,47201
CC-12370,Christopher Conant,Supply Chain Executive,38,Fayetteville,North Carolina,28314
BF-11275,Beth Fritzler,Supply Chain Executive,21,Tucson,Arizona,85705
HG-14845,Harry Greene,Finance Executive,63,Lake Charles,Louisiana,70601
BP-11155,Becky Pak,Finance Executive,46,Columbus,Georgia,31907
EM-14140,Eugene Moren,HR Executive,49,Glendale,Arizona,85301
MA-17995,Michelle Arnett,Sales Executive,33,Watertown,New York,13601
AY-10555,Andy Yotov,Finance Executive,61,Oceanside,California,92054
GB-14575,Giulietta Baptist,Finance Executive,50,Philadelphia,Pennsylvania,19134
JB-16045,Julia Barnett,HR Executive,65,Columbus,Georgia,31907
MG-17875,Michael Grace,Finance Executive,67,New York City,New York,10011
SR-20425,Sharelle Roach,Sales Executive,25,Louisville,Colorado,80027
JB-16000,Joy Bell-,Finance Executive,46,Brownsville,Texas,78521
DM-12955,Dario Medina,Sales Executive,26,Lincoln Park,Michigan,48146
TC-21475,Tony Chapman,HR Executive,64,Columbus,Georgia,31907
SW-20350,Sean Wendt,Supply Chain Executive,51,Detroit,Michigan,48227
RE-19450,Richard Eichhorn,Finance Executive,30,Dallas,Texas,75081
BF-11215,Benjamin Farhat,Sales Executive,69,Albuquerque,New Mexico,87105
KB-16405,Katrina Bavinger,HR Executive,34,Apple Valley,California,92307
EC-14050,Erin Creighton,Sales Executive,52,New York City,New York,10024
EB-14110,Eugene Barchas,Sales Executive,44,Philadelphia,Pennsylvania,19134
JP-15460,Jennifer Patt,Sales Executive,69,Oceanside,New York,11572
CS-11845,Cari Sayre,Supply Chain Executive,24,Seattle,Washington,98105
GH-14410,Gary Hansen,Supply Chain Executive,42,Glendale,Arizona,85301
PT-19090,Pete Takahito,Finance Executive,48,Houston,Texas,77070
JL-15130,Jack Lebron,Finance Executive,63,Houston,Texas,77036
AH-10030,Aaron Hawkins,Supply Chain Executive,60,Philadelphia,Pennsylvania,19134
CC-12475,Cindy Chapman,Finance Executive,48,New York City,New York,10024
DW-13195,David Wiener,Supply Chain Executive,55,Houston,Texas,77095
SJ-20215,Sarah Jordon,Supply Chain Executive,50,Grand Prairie,Texas,75051
BG-11740,Bruce Geld,Finance Executive,39,Philadelphia,Pennsylvania,19120
LB-16795,Laurel Beltran,Finance Executive,18,Highland Park,Illinois,60035
CM-11815,Candace McMahon,HR Executive,28,Pasadena,Texas,77506
EH-14185,Evan Henry,Sales Executive,31,Decatur,Alabama,35601
TS-21505,Tony Sayre,Finance Executive,32,Columbia,Tennessee,38401
PR-18880,Patrick Ryan,HR Executive,44,Oakland,California,94601
LC-17050,Liz Carlisle,Sales Executive,60,Mission Viejo,California,92691
CS-12490,Cindy Schnelling,Supply Chain Executive,32,Conroe,Texas,77301
DH-13075,Dave Hallsten,HR Executive,58,Richmond,Kentucky,40475
JO-15145,Jack  O Briant,Sales Executive,68,Philadelphia,Pennsylvania,19140
AH-10690,Anna Haberlin,Supply Chain Executive,39,New York City,New York,10024
HJ-14875,Heather Jas,Supply Chain Executive,32,Jacksonville,Florida,32216
MH-17455,Mark Hamilton,Finance Executive,49,Jacksonville,North Carolina,28540
RD-19930,Russell D Ascenzo,HR Executive,67,Austin,Texas,78745
SC-20020,Sam Craven,Finance Executive,56,Plano,Texas,75023
SU-20665,Stephanie Ulpright,HR Executive,30,Jackson,Mississippi,39212
FC-14335,Fred Chung,Finance Executive,64,Mesquite,Texas,75150
RB-19330,Randy Bradley,Sales Executive,63,Philadelphia,Pennsylvania,19143
NC-18535,Nick Crebassa,Supply Chain Executive,59,Dallas,Texas,75217
DB-12970,Darren Budd,Sales Executive,42,Los Angeles,California,90004
MF-17665,Maureen Fritzler,HR Executive,37,Toledo,Ohio,43615
RM-19750,Roland Murray,Finance Executive,66,New York City,New York,10011
VM-21835,Vivian Mathis,Supply Chain Executive,60,Newark,Delaware,19711
EJ-13720,Ed Jacobs,Finance Executive,44,San Diego,California,92037
NC-18415,Nathan Cano,HR Executive,29,Jacksonville,North Carolina,28540
LS-17230,Lycoris Saunders,HR Executive,42,Dover,Delaware,19901
KE-16420,Katrina Edelman,Sales Executive,53,Bristol,Tennessee,37620
PF-19120,Peter Fuller,Finance Executive,48,Gilbert,Arizona,85234
VT-21700,Valerie Takahito,Finance Executive,44,Philadelphia,Pennsylvania,19143
MG-17695,Maureen Gnade,Supply Chain Executive,33,Buffalo,New York,14215
SP-20920,Susan Pistek,Sales Executive,37,Los Angeles,California,90036
CS-12175,Charles Sheldon,Finance Executive,67,Columbia,Tennessee,38401
DK-12895,Dana Kaydos,Finance Executive,47,Kenosha,Wisconsin,53142
KM-16660,Khloe Miller,Finance Executive,57,Roswell,Georgia,30076
AA-10645,Anna Andreadi,HR Executive,32,Chester,Pennsylvania,19013
DD-13570,Dorothy Dickinson,HR Executive,32,Houston,Texas,77041
AH-10465,Amy Hunt,Supply Chain Executive,24,New York City,New York,10035
TP-21565,Tracy Poddar,HR Executive,25,Aurora,Colorado,80013
EK-13795,Eileen Kiefer,Supply Chain Executive,25,Santa Ana,California,92704
CR-12820,Cyra Reiten,Finance Executive,38,New York City,New York,10035
SG-20890,Susan Gilcrest,Finance Executive,41,Mcallen,Texas,78501
AH-10585,Angele Hood,Sales Executive,34,Chicago,Illinois,60623
NF-18475,Neil Franzosisch,HR Executive,55,Rockford,Illinois,61107
BS-11365,Bill Shonely,Sales Executive,34,New York City,New York,10011
SH-20635,Stefanie Holloman,Finance Executive,57,Jackson,Tennessee,38301
RD-19720,Roger Demir,Finance Executive,30,Daytona Beach,Florida,32114
AG-10330,Alex Grayson,Sales Executive,51,Stockton,California,95207
GR-14560,Georgia Rosenberg,HR Executive,33,San Francisco,California,94110
VS-21820,Vivek Sundaresam,Finance Executive,22,Los Angeles,California,90036
TM-21490,Tony Molinari,Finance Executive,63,Oklahoma City,Oklahoma,73120
TS-21430,Tom Stivers,HR Executive,22,Los Angeles,California,90045
DB-13360,Dennis Bolton,HR Executive,41,New York City,New York,10009
NR-18550,Nick Radford,HR Executive,21,Aurora,Illinois,60505
CS-11860,Cari Schnelling,Finance Executive,69,Jacksonville,North Carolina,28540
MF-18250,Monica Federle,Sales Executive,34,Los Angeles,California,90036
KS-16300,Karen Seio,Supply Chain Executive,53,Lehi,Utah,84043
AB-10015,Aaron Bergman,HR Executive,66,Seattle,Washington,98103
LR-17035,Lisa Ryan,HR Executive,62,Philadelphia,Pennsylvania,19134
SS-20410,Shahid Shariari,Sales Executive,35,Los Angeles,California,90008
JM-15580,Jill Matthias,Finance Executive,37,Monroe,North Carolina,28110
JK-15325,Jason Klamczynski,Supply Chain Executive,69,Dallas,Texas,75220
DM-13525,Don Miller,Sales Executive,18,Houston,Texas,77070
ML-18265,Muhammed Lee,Sales Executive,51,Seattle,Washington,98103
MH-17290,Marc Harrigan,Supply Chain Executive,39,Los Angeles,California,90036
FC-14245,Frank Carlisle,Finance Executive,20,Lakewood,Ohio,44107
TH-21115,Thea Hudgings,HR Executive,38,Philadelphia,Pennsylvania,19140
JK-16090,Juliana Krohn,Supply Chain Executive,51,Omaha,Nebraska,68104
BG-11035,Barry Gonzalez,Finance Executive,57,Monroe,Louisiana,71203
BW-11065,Barry Weirich,HR Executive,30,Raleigh,North Carolina,27604
MG-18205,Mitch Gastineau,Sales Executive,55,Jacksonville,Florida,32216
DO-13645,Doug O Connell,HR Executive,20,Los Angeles,California,90036
TS-21655,Trudy Schmidt,HR Executive,21,Milwaukee,Wisconsin,53209
EM-14200,Evan Minnotte,Supply Chain Executive,52,Virginia Beach,Virginia,23464
AO-10810,Anthony O Donnell,Finance Executive,66,Los Angeles,California,90045
MH-17440,Mark Haberlin,Supply Chain Executive,47,New York City,New York,10035
SS-20515,Shirley Schmidt,Sales Executive,31,Louisville,Kentucky,40214
LD-16855,Lela Donovan,HR Executive,52,Chicago,Illinois,60653
VP-21760,Victoria Pisteka,Sales Executive,35,San Francisco,California,94109
IM-15055,Ionia McGrath,Sales Executive,40,Roseville,California,95661
AR-10570,Anemone Ratner,HR Executive,36,Columbus,Georgia,31907
CM-12715,Craig Molinari,HR Executive,53,Huntsville,Texas,77340
FW-14395,Fred Wasserman,Finance Executive,41,Huntsville,Alabama,35810
LC-16960,Lindsay Castell,HR Executive,57,Arlington,Virginia,22204
HE-14800,Harold Engle,Supply Chain Executive,31,Chicago,Illinois,60623
BD-11560,Brendan Dodson,Sales Executive,54,Fresno,California,93727
HD-14785,Harold Dahlen,Supply Chain Executive,32,Philadelphia,Pennsylvania,19143
CJ-11875,Carl Jackson,Sales Executive,64,Philadelphia,Pennsylvania,19140
RS-19870,Roy Skaria,HR Executive,39,Burlington,Iowa,52601
SC-20845,Sung Chung,HR Executive,69,Arlington Heights,Illinois,60004
RE-19405,Ricardo Emerson,Finance Executive,35,Kent,Ohio,44240
SM-20905,Susan MacKendrick,Finance Executive,46,Newark,Ohio,43055
